{
    "$schema": "https://schema.management.azure.com/schemas/2015-01-01/deploymentParameters.json#",
    "contentVersion": "1.0.0.0",
    "parameters": {
        "serverName": {
            "value": "eventspostserver"
        },
        "location": {
            "value": "northeurope"
        },
        "serverEdition": {
            "value": "Burstable"
        },
        "storageSizeGB": {
            "value": 32
        },
        "haEnabled": {
            "value": "Disabled"
        },
        "backupRetentionDays": {
            "value": 7
        },
        "geoRedundantBackup": {
            "value": "Disabled"
        },
        "availabilityZone": {
            "value": ""
        },
        "vmName": {
            "value": "Standard_B1ms"
        },
        "standbyAvailabilityZone": {
            "value": ""
        },
        "firewallRules": {
            "value": {
                "rules": []
            }
        },
        "tags": {
            "value": {
                "Env": "Dev",
                "Project": "Events"
            }
        },
        "version": {
            "value": "13"
        },
        "administratorLogin": {
            "value": "postgres_user"
        },
        "administratorLoginPassword": {
            "value": null
        }
    }
}